url,sha256
https://ajax.googleapis.com/ajax/libs/bootstrap/5.3.3/js/bootstrap.min.js,de040986d9a3ed89d5d5f9ad6d5727015e9e238c2cd13af8f1b55909386d0864
https://ajax.googleapis.com/ajax/libs/bootstrap-table/1.23.2/dist/bootstrap-table.min.css,3919e5743e5854b0d6644b967f37ed0c94e385d3548b718a31d725a8a35fe918
https://ajax.googleapis.com/ajax/libs/cesiumjs/1.78/Build/Cesium/Cesium.js,db4908414179445758b6d6994af4a79a8519cd46f6892b0ef2e9d7bd49ceabee
https://ajax.googleapis.com/ajax/libs/d3js/7.9.0/d3.min.js,f2094bbf6141b359722c4fe454eb6c4b0f0e42cc10cc7af921fc158fceb86539
https://ajax.googleapis.com/ajax/libs/d3js/7.8.5/d3.min.js,d6b03aefc9f6c44c7bc78713679c78c295028fa914319119e5cc4b4954855b1c
https://ajax.googleapis.com/ajax/libs/d3js/7.8.4/d3.min.js,b51f57835b1de8b7ca70010e480c1990fd958958737dd872f0290cfc1bd09662
https://ajax.googleapis.com/ajax/libs/d3js/7.8.3/d3.min.js,cfd8ef1268071847d63b8acf7c45d418a15de9493191abdf274cdfdea4f7d4ee
https://ajax.googleapis.com/ajax/libs/d3js/7.8.2/d3.min.js,c94767fe5ca5feb1c19f86c3e0790a9a747b4ba163fad5c83b4a3349acb50629
https://ajax.googleapis.com/ajax/libs/d3js/7.8.1/d3.min.js,10611d196b3e1eb6dbb6623df2c026c83c40ad282c20cab0dab2a110a505a531
https://ajax.googleapis.com/ajax/libs/d3js/7.8.0/d3.min.js,ca3b060e53682e57516a34f99d387c5d71088f9e25c3a41c17d674d0f941c065
https://ajax.googleapis.com/ajax/libs/d3js/7.7.0/d3.min.js,15f66b1d275c74d16c6399bc0be4db2d4a722991100ecdf08f7759d43b62fe30
https://ajax.googleapis.com/ajax/libs/d3js/7.6.1/d3.min.js,b384cf0baeec03aa9e1443fd670cd41c9ec984def9a7b4dbfd7ad2f197d5b573
https://ajax.googleapis.com/ajax/libs/d3js/7.4.2/d3.min.js,8eb8de78b65a9377a8de6a6fbde7b20fe0ff2266bdedc9c6c07027d30167cec9
https://ajax.googleapis.com/ajax/libs/d3js/7.0.0/d3.min.js,83580a3e9712457b06b9f60bea67ac241f9247fcb9cd67ff5219ca6bbb93d390
https://ajax.googleapis.com/ajax/libs/d3js/6.7.0/d3.min.js,fbb8da602a76f4ed49bac3561da62d8149fa121b8fd15685bacc21355d3a3322
https://ajax.googleapis.com/ajax/libs/d3js/6.6.2/d3.min.js,72747893977d302142409c3593d892343d41aa0cbc292ddb38cd37d0a240e355
https://ajax.googleapis.com/ajax/libs/d3js/6.6.1/d3.min.js,a015d95a24196691521069b9762aa4f5143af7c21df63010ae99c63c0c0472f4
https://ajax.googleapis.com/ajax/libs/d3js/6.6.0/d3.min.js,4d3b00a1cf322ae46c9f4b422f4d9235f1f5a397de660bda0cdb39a7c3ecaca0
https://ajax.googleapis.com/ajax/libs/d3js/6.5.0/d3.min.js,32ffdfc3910d79608fa2e41aca47113f41e35f2462f878160d90b836bf297d23
https://ajax.googleapis.com/ajax/libs/d3js/6.3.1/d3.min.js,d14396e280f288634c4329a56d906359170ee08ab828b314e913cde4b661671a
https://ajax.googleapis.com/ajax/libs/d3js/6.2.0/d3.min.js,0055b23913f83975330bcac74e9116edfc97b7183de3e6738af9d98936f53438
https://ajax.googleapis.com/ajax/libs/d3js/6.1.1/d3.min.js,b50429b67916438842aa00921546d7a9eda8f3e12ba7049f92f04b71b6413822
https://ajax.googleapis.com/ajax/libs/d3js/5.16.0/d3.min.js,5dbe924b3847df010f0b8572dd6ef42ea87d6370eeff72b13ea236247412a53c
https://ajax.googleapis.com/ajax/libs/d3js/5.15.1/d3.min.js,49027f9c260f5c53eeaa84b9e847e77ac0c13cd8a2b6774e21f37659d3d18bfa
https://ajax.googleapis.com/ajax/libs/d3js/5.15.0/d3.min.js,9b442622c05770e322113466a53dea836210fe2d2a6b3240da68821f33a64b56
https://ajax.googleapis.com/ajax/libs/d3js/5.14.2/d3.min.js,33633eb200b66d9e2bef714ed4b5792661e24b908ec046f652ac3b11bb079816
https://ajax.googleapis.com/ajax/libs/d3js/5.12.0/d3.min.js,fbd31fddc0159b1c6e743b2bd57c1751e45916dbdd59561dab9fef720898c8d5
https://ajax.googleapis.com/ajax/libs/d3js/5.11.0/d3.min.js,8f5023e1c59da8a5b5e180bb1dabf51c209dbcb1920243ffc05e4705473b9dfd
https://ajax.googleapis.com/ajax/libs/d3js/5.9.7/d3.min.js,0fedbf828a9c8e7ba8af26fd034ae27ee1f4ac1612f6128eccda86f752610157
https://ajax.googleapis.com/ajax/libs/d3js/5.9.2/d3.min.js,93d472661bcc8f66e0d1f77c2f7204e35b741e94d79e2bcca1e3cdfcab2adb9d
https://ajax.googleapis.com/ajax/libs/d3js/5.9.0/d3.min.js,1ebb4a61a98a6c7f299f48e8f4f3a3f1da0288a89e82b35a5505e545451d0900
https://ajax.googleapis.com/ajax/libs/d3js/5.8.0/d3.min.js,c6c1a88692697c89ba0887683072cc2114e8adedec0d1e69a05b7b09e5318c62
https://ajax.googleapis.com/ajax/libs/d3js/5.7.0/d3.min.js,bdad5585ef9a965ff25458738309b006058c55f2c78d794d25fbecae35014609
https://ajax.googleapis.com/ajax/libs/d3js/4.13.0/d3.min.js,8585db4092b8a9d26201e0d58e343d1b40fa034c4b9c343878923d7649bb1699
https://ajax.googleapis.com/ajax/libs/d3js/3.5.17/d3.min.js,76c39718d1c0a3fb321676b3b7e29306c0907919a5716d5728bd1b08ae0169e7
https://ajax.googleapis.com/ajax/libs/dojo/1.13.0/dojo/dojo.js,f3ac93bf15e041612af6abe9e066bcb4621fc885c151cfe38ba25c4e54033598
https://ajax.googleapis.com/ajax/libs/dojo/1.12.3/dojo/dojo.js,15199af35746e83db171d21861c9db5ce46404158a13589d9e59efc68357cd6c
https://ajax.googleapis.com/ajax/libs/dojo/1.12.2/dojo/dojo.js,57cd9932c9777ad2ca3472b86f73729439edaf78df0666a9e43af8d02129350c
https://ajax.googleapis.com/ajax/libs/dojo/1.12.1/dojo/dojo.js,abce39a72a4ab1ef40d841f3f7e7029497b8b3a58721be04b7788e74cf3eaa43
https://ajax.googleapis.com/ajax/libs/dojo/1.11.5/dojo/dojo.js,efeeec9d982829ea6d96651001f4001fcb198ad1bd52f129b14ff576ff05b850
https://ajax.googleapis.com/ajax/libs/dojo/1.11.4/dojo/dojo.js,c15f52d8f0565a97c78b15f613f4021d8fe16e77320b34223b213e0b32196a40
https://ajax.googleapis.com/ajax/libs/dojo/1.11.3/dojo/dojo.js,03880adb8c460ffa1e41626db5b156ef4b8884c2aa5a78143c232587a97bfacb
https://ajax.googleapis.com/ajax/libs/dojo/1.11.2/dojo/dojo.js,ae4441af018054e502393e4c4cf619f484a18168ba618a5729cd9de6b0643361
https://ajax.googleapis.com/ajax/libs/dojo/1.11.1/dojo/dojo.js,070c5346786df815202d7d987e8170ee06a8bc84fe6c145e5e03fd586b095fdc
https://ajax.googleapis.com/ajax/libs/dojo/1.10.9/dojo/dojo.js,c45c0e42cca03f5f857b20ef1c47db2091b87ab4dc78881d77552620c4636e44
https://ajax.googleapis.com/ajax/libs/dojo/1.10.8/dojo/dojo.js,534431dc68f4f3336a0a450302c0eac0ab133112adbba0f60b84e4aa8676ca2f
https://ajax.googleapis.com/ajax/libs/dojo/1.10.7/dojo/dojo.js,eebbdc5721c0375545791214d40f497f12c669e26b7df7414eee2c9172a47c1a
https://ajax.googleapis.com/ajax/libs/dojo/1.10.6/dojo/dojo.js,03c33ee7f26e35e9b3de6ffe53849345827d0cc917a02b0a395739021f6a8d51
https://ajax.googleapis.com/ajax/libs/dojo/1.10.5/dojo/dojo.js,1a940ba51682e7a7d2412b593b2fdcb4ec096368b0492402e2848a3a6fb7bd8f
https://ajax.googleapis.com/ajax/libs/dojo/1.10.4/dojo/dojo.js,c2336c8c311a4cf393fe6444af5d6e838a4f48a7b6de07dcffb26f9e1247617c
https://ajax.googleapis.com/ajax/libs/dojo/1.10.3/dojo/dojo.js,b640e64ac12d848218a4a600b485b3f45a4083bf7aba3fd6f212eb4b910a1855
https://ajax.googleapis.com/ajax/libs/dojo/1.10.2/dojo/dojo.js,e36757d33578e77b41c7673679c83405e706dde2e588835a13df4fa820316e79
https://ajax.googleapis.com/ajax/libs/dojo/1.10.1/dojo/dojo.js,dbcc512ec0fdc57c2d7c7c6fcaae409e707a353e69a936f763579a3612e804b7
https://ajax.googleapis.com/ajax/libs/dojo/1.10.0/dojo/dojo.js,73d06ecdf9a37a09458c93202cedcc5083b9a9f58d304416379fb49fb8ba56ad
https://ajax.googleapis.com/ajax/libs/dojo/1.9.11/dojo/dojo.js,6e093c5d4fd4f94874ea028e3191c5d8c556130634238a3f225fe2acb5360fb6
https://ajax.googleapis.com/ajax/libs/dojo/1.9.10/dojo/dojo.js,f2188a31d4400d655c9e43ce5f0d9439b233d2bdb9dff32a3ed1520404d1a111
https://ajax.googleapis.com/ajax/libs/dojo/1.9.9/dojo/dojo.js,49b2ea9434b4a9766f7d529042815526b13d88c4bb35cef73fdac9bf8188e1cc
https://ajax.googleapis.com/ajax/libs/dojo/1.9.8/dojo/dojo.js,d7a07dc0fbe94076caa088ed7a52bb111dc25ad670d364d226700a97cf558a85
https://ajax.googleapis.com/ajax/libs/dojo/1.9.7/dojo/dojo.js,60d8dcef6e8557a1f7d05912ede2844145d8681e62e6b30bcc79a2b7982f1ab4
https://ajax.googleapis.com/ajax/libs/dojo/1.9.6/dojo/dojo.js,c7fa7f6ba4ef65b84e1a75c048800966b92b83df338b7814d78f56c2b481a1c7
https://ajax.googleapis.com/ajax/libs/dojo/1.9.5/dojo/dojo.js,8c3afbf593d55e82a981d0f04fb5d8265a728c9a31b79ea664b6f1cee1be684d
https://ajax.googleapis.com/ajax/libs/dojo/1.9.4/dojo/dojo.js,2b59127ea307556b439aa3f8e98e719b09d65450c6186b4ab38a54b38f493903
https://ajax.googleapis.com/ajax/libs/dojo/1.9.3/dojo/dojo.js,d262a35a6ec535f8ce8bd3c52c23be8a68b092fc1bf1ae972966329dde8cc084
https://ajax.googleapis.com/ajax/libs/dojo/1.9.2/dojo/dojo.js,f732a01727a1da3aecf2f6cd2c63fd4e1df485595eee109128c8bf0c96c89cdc
https://ajax.googleapis.com/ajax/libs/dojo/1.9.1/dojo/dojo.js,a304ac097f1b806161b6fdebc5bfe9f8ee675a9021e5ef16149b2b18fac1d0ff
https://ajax.googleapis.com/ajax/libs/dojo/1.9.0/dojo/dojo.js,04d6e70b72035da888187afeba7fd2b269323fc14bc2577ef11b989c5f892969
https://ajax.googleapis.com/ajax/libs/dojo/1.8.14/dojo/dojo.js,f25e81f9e167d7ab58401baf7d111a392b2be8be9cacc4f7d27ef04d64a1d906
https://ajax.googleapis.com/ajax/libs/dojo/1.8.13/dojo/dojo.js,8a81347449315cc9d8981053b8d5e1ac2cc680d709390ae4f82f33acb13137b7
https://ajax.googleapis.com/ajax/libs/dojo/1.8.12/dojo/dojo.js,17a83124c3bbd4447667416ba292fdc36b072e5a1358e28de84976302dc07995
https://ajax.googleapis.com/ajax/libs/dojo/1.8.11/dojo/dojo.js,7433acc78c7c70c98ff14bba93077e46dff7a42844447a3d8ad7a929aa4bbed2
https://ajax.googleapis.com/ajax/libs/dojo/1.8.10/dojo/dojo.js,53835e16202aae7e469318edef3f2929648251c03ffc8b6da1e0daad8de4cedc
https://ajax.googleapis.com/ajax/libs/dojo/1.8.9/dojo/dojo.js,5a04eba84649cea0bec2792999567950545df1b13e8080a9424602add46f00ad
https://ajax.googleapis.com/ajax/libs/dojo/1.8.8/dojo/dojo.js,4d137d401db1fa5db1878b4810981f7ca03cbaefb7229da2ebe9c0b9dc58ee01
https://ajax.googleapis.com/ajax/libs/dojo/1.8.7/dojo/dojo.js,f9140e8e10e23541b5795d5ccef6bbca006e34d07cbd21ca0db6809c7e2bdfd2
https://ajax.googleapis.com/ajax/libs/dojo/1.8.6/dojo/dojo.js,190fa3869f1c4d10aaf5151e0e4d1274b08387b52ef0577fbd46cac2d9df9de2
https://ajax.googleapis.com/ajax/libs/dojo/1.8.5/dojo/dojo.js,e5c601914ea96b4ed0dfde4c4bbf1ebc693310b55996ab8e60301986c62ec227
https://ajax.googleapis.com/ajax/libs/dojo/1.8.4/dojo/dojo.js,fdf83466aa4d96acc29d2243fa73ebd2f35e19640eeaa8860ae19231df31f598
https://ajax.googleapis.com/ajax/libs/dojo/1.8.3/dojo/dojo.js,84fcc2e9aa3d97ae76a77e8506f9366bce1dc63a78ce28ec7842186e89120e63
https://ajax.googleapis.com/ajax/libs/dojo/1.8.2/dojo/dojo.js,b3895d8120754a968d0c2869de7e5db3f89d3d69750bc6a9a80864373c568ec9
https://ajax.googleapis.com/ajax/libs/dojo/1.8.1/dojo/dojo.js,0dfec68ff5ccda663079f9db220e0ab966e510de9214c878d0d6063eab34c32f
https://ajax.googleapis.com/ajax/libs/dojo/1.8.0/dojo/dojo.js,404e1854f5de36422f5044855f200cf639b223cc62b8af7c9fb8bb92a536b288
https://ajax.googleapis.com/ajax/libs/dojo/1.7.12/dojo/dojo.js,16f9b1e27e2d92e47acb43db568d10f5caada181f7e500c6db60932b982a852b
https://ajax.googleapis.com/ajax/libs/dojo/1.7.11/dojo/dojo.js,7672607bd954a6070ce56ab2d9738dd08621559167e1590a2f4adee3d0995570
https://ajax.googleapis.com/ajax/libs/dojo/1.7.10/dojo/dojo.js,26b74dfc6ad42c2a366fc2ae61c25b53649085d5418a89ca0f0ab45730884967
https://ajax.googleapis.com/ajax/libs/dojo/1.7.9/dojo/dojo.js,d18fe381e917ac8c3b523e84a0e74e3eaa311ad257e174d88bdbbb66aff6fe8c
https://ajax.googleapis.com/ajax/libs/dojo/1.7.8/dojo/dojo.js,894bb26e5d096495fd70b4f503d2e3b199b85d2bd5ed6c8289c1db19bea99e55
https://ajax.googleapis.com/ajax/libs/dojo/1.7.7/dojo/dojo.js,4b0e02a9ef3805a319bbb9492ae8480c57fdebb042575ac8a483b024e4aa0ff0
https://ajax.googleapis.com/ajax/libs/dojo/1.7.6/dojo/dojo.js,d5f7926d155339d2840213ec3c7345d1d10f652e38c36dae0dfc200e0f8b1f62
https://ajax.googleapis.com/ajax/libs/dojo/1.7.5/dojo/dojo.js,51dcfec717171439875f89c61b9be79447036e7d7903a6a1e77eedd0bd0f7d53
https://ajax.googleapis.com/ajax/libs/dojo/1.7.4/dojo/dojo.js,f494da38d5f8ca2938cf43a6c5189d18d308090bdf4517d12288f774cb13e02f
https://ajax.googleapis.com/ajax/libs/dojo/1.7.3/dojo/dojo.js,de9cdec61cb280dc95a4747beccc2a7598542d22b3f15b9e722ae5beda610a92
https://ajax.googleapis.com/ajax/libs/dojo/1.7.2/dojo/dojo.js,cd06072da061946a709681a796e4d52d59a1c0e2a9c933e7dc83b85546d0fe2f
https://ajax.googleapis.com/ajax/libs/dojo/1.7.1/dojo/dojo.js,7efa6c90a0e3400332db498fce03895fc188d6b5c7bb7bd255cae488f156bada
https://ajax.googleapis.com/ajax/libs/dojo/1.7.0/dojo/dojo.js,cc91cb2c73d246d496efbd8d0625c5d5e867d89f8b9ae81056144481c0f59ec5
https://ajax.googleapis.com/ajax/libs/dojo/1.6.5/dojo/dojo.js,b41348262b91f10a6a8fd80ba98c16914c2cc5cd1098412aca65449c96990a36
https://ajax.googleapis.com/ajax/libs/dojo/1.6.4/dojo/dojo.js,e566b6e94fd10965a78de6ddb1d6dbbe8f5b00b2a5dd17a96a894259768ffa0b
https://ajax.googleapis.com/ajax/libs/dojo/1.6.3/dojo/dojo.js,e087f0f879baaf9542538bccf8a8f62c0f0266004e5f9c1d954c48ef31c08a85
https://ajax.googleapis.com/ajax/libs/dojo/1.6.2/dojo/dojo.js,c9fbd5af90497debdf224854bf0cec98175fd401b159fcf2a220841aa7c29a9a
https://ajax.googleapis.com/ajax/libs/dojo/1.6.1/dojo/dojo.js,0577b423d8e0b70eaaccc7c1de2c7a1e78ef751fa80fcd95796363665e1aa49b
https://ajax.googleapis.com/ajax/libs/dojo/1.6.0/dojo/dojo.js,767eb8f3c764f2aa36d99ab7a244f376a2fac72e08a67087742f1a03b8380cb5
https://ajax.googleapis.com/ajax/libs/dojo/1.5.6/dojo/dojo.js,019f143342dcee3a9f248e1db0749a1690763eeeadeeab76aa245cefe3d0e186
https://ajax.googleapis.com/ajax/libs/dojo/1.5.5/dojo/dojo.js,dfedcbd47fbb0458f1f38b5ab4024f29480152b151da411975f0e9320a0cf7f3
https://ajax.googleapis.com/ajax/libs/dojo/1.5.4/dojo/dojo.js,e8c34b49e9f6ef1965f396cb159a7f00051c2dcacf332d6622877bbdc7edf3bd
https://ajax.googleapis.com/ajax/libs/dojo/1.5.3/dojo/dojo.js,a9e753f66a4f8d35b1eaf721c6cd75bec05a0762ec5047d643061ecff1e7060c
https://ajax.googleapis.com/ajax/libs/dojo/1.5.2/dojo/dojo.js,0dfa2b4c304df4b00d208a9bc444926e46205c76c661bcd880e6ddb7f26fc0be
https://ajax.googleapis.com/ajax/libs/dojo/1.5.1/dojo/dojo.js,b872b58ea3191d089603aa3e725115bbbf824774b7254f1bc5c88ccc206f57c0
https://ajax.googleapis.com/ajax/libs/dojo/1.5.0/dojo/dojo.js,284d87801a60349866d36bd4ad0b7e24f9029a9ffead121bcd61c9a33c01e9a6
https://ajax.googleapis.com/ajax/libs/dojo/1.4.8/dojo/dojo.js,614772e67c1e3a5049ce18edff8ed4d7dacb0131e9e578576c43f2436d7d4bca
https://ajax.googleapis.com/ajax/libs/dojo/1.4.7/dojo/dojo.js,41650e0d1eab253870d946fd766da8d43d6d0c22d2f860ecc3463aead2844238
https://ajax.googleapis.com/ajax/libs/dojo/1.4.6/dojo/dojo.js,d092c3f05936b09497d2e7e6eb6226056cea74cc89f374d15fdd1df4068654ce
https://ajax.googleapis.com/ajax/libs/dojo/1.4.5/dojo/dojo.js,9f43b3a0314656121bcbf996dd3770473038e1947eeab9363c8595eb77d83e51
https://ajax.googleapis.com/ajax/libs/dojo/1.4.4/dojo/dojo.js,4552edf18f3abfd382227e7a8ac655667cb57227e380cdf4e49719f363ba482b
https://ajax.googleapis.com/ajax/libs/dojo/1.4.3/dojo/dojo.js,a6d6b32f68acb1eb8f7487accc3b0bf151bd25312591f03323a4f8bc9e137a48
https://ajax.googleapis.com/ajax/libs/dojo/1.4.1/dojo/dojo.js,0ea11fcd632884d3d3ceb151fbc1ba7001242a469aaa377997d803469864d156
https://ajax.googleapis.com/ajax/libs/dojo/1.4.0/dojo/dojo.js,645a7b60d50c3b5bab96f83a8d0b73a76206fcab4122bfebd19fd418d5b24b5f
https://ajax.googleapis.com/ajax/libs/dojo/1.3.2/dojo/dojo.js,8ba9ddca8abd9bcd250284c5b05505aabececc8615f1d3fd5f50334818eed88a
https://ajax.googleapis.com/ajax/libs/dojo/1.3.1/dojo/dojo.js,83b4ef703d63df695c0a18d76f92a7bae93bc4039a4c4471b55252308ea69029
https://ajax.googleapis.com/ajax/libs/dojo/1.3.0/dojo/dojo.js,d99d2dffa86976cf68a56ad2007628196bc70c5bd5dd2c197a706628ad978992
https://ajax.googleapis.com/ajax/libs/dojo/1.2.3/dojo/dojo.js,c1ec625d1684c84b92518fde1e32308bb875fbaba89ed38f4aa0a21a51d6a9f9
https://ajax.googleapis.com/ajax/libs/dojo/1.2.0/dojo/dojo.js,998496485d63296883d6749da92a6fbb494211c89b260dfd7f90832a95007ea7
https://ajax.googleapis.com/ajax/libs/dojo/1.1.1/dojo/dojo.js,bf3117ccec4ede852ea587f7dd444722596d8582e488df69417802a0d5b75ced
https://ajax.googleapis.com/ajax/libs/ext-core/3.1.0/ext-core.js,60cac127c0d8560dddc7f9eef0b5522d45fafcbe597999c761f7933c6469fddd
https://ajax.googleapis.com/ajax/libs/ext-core/3.0.0/ext-core.js,aecb30b201a56ce52d03188d48f84815de1cc96107791571f2e577fd75f265d6
https://ajax.googleapis.com/ajax/libs/hammerjs/2.0.8/hammer.min.js,8a1b58d624eeb47e9e3073531a5d364e41a2e7853c052873a79917f97dd0bb44
https://ajax.googleapis.com/ajax/libs/indefinite-observable/2.0.1/indefinite-observable.bundle.js,69d691f5a0d8bc1c97aa6dc17ea84d36ea518e81465b3d2ef79e2fd7166989b5
https://ajax.googleapis.com/ajax/libs/indefinite-observable/1.0.1/indefinite-observable.js,c980476a44e834d23f5fcf617d0f83c8bd01607521fab9823d0699fc50ac698b
https://ajax.googleapis.com/ajax/libs/jquery/3.7.1/jquery.min.js,fc9a93dd241f6b045cbff0481cf4e1901becd0e12fb45166a8f17f95823f0b1a
https://ajax.googleapis.com/ajax/libs/jquery/2.2.4/jquery.min.js,05b85d96f41fff14d8f608dad03ab71e2c1017c2da0914d7c59291bad7a54f8e
https://ajax.googleapis.com/ajax/libs/jquery/1.12.4/jquery.min.js,668b046d12db350ccba6728890476b3efee53b2f42dbb84743e5e9f1ae0cc404
https://ajax.googleapis.com/ajax/libs/jquery/3.7.0/jquery.min.js,d8f9afbf492e4c139e9d2bcb9ba6ef7c14921eb509fb703bc7a3f911b774eff8
https://ajax.googleapis.com/ajax/libs/jquery/3.6.4/jquery.min.js,a0fe8723dcf55da64d06b25446d0a8513e52527c45afcb37073465f9c6f352af
https://ajax.googleapis.com/ajax/libs/jquery/3.6.3/jquery.min.js,a6f3f0faea4b3d48e03176341bef0ed3151ffbf226d4c6635f1c6039c0500575
https://ajax.googleapis.com/ajax/libs/jquery/3.6.2/jquery.min.js,da4ad864a87ffcf71c851b5df87f95cb242867f7b711cae4c6133cc9cc0048f0
https://ajax.googleapis.com/ajax/libs/jquery/3.6.1/jquery.min.js,a3cf00c109d907e543bc4f6dbc85eb31068f94515251347e9e57509b52ee3d74
https://ajax.googleapis.com/ajax/libs/jquery/3.6.0/jquery.min.js,ff1523fb7389539c84c65aba19260648793bb4f5e29329d2ee8804bc37a3fe6e
https://ajax.googleapis.com/ajax/libs/jquery/3.5.1/jquery.min.js,f7f6a5894f1d19ddad6fa392b2ece2c5e578cbf7da4ea805b6885eb6985b6e3d
https://ajax.googleapis.com/ajax/libs/jquery/3.5.0/jquery.min.js,c4dccdd9ae25b64078e0c73f273de94f8894d5c99e4741645ece29aeefc9c5a4
https://ajax.googleapis.com/ajax/libs/jquery/3.4.1/jquery.min.js,0925e8ad7bd971391a8b1e98be8e87a6971919eb5b60c196485941c3c1df089a
https://ajax.googleapis.com/ajax/libs/jquery/3.4.0/jquery.min.js,0497a8d2a9bde7db8c0466fae73e347a3258192811ed1108e3e096d5f34ac0e8
https://ajax.googleapis.com/ajax/libs/jquery/3.3.1/jquery.min.js,160a426ff2894252cd7cebbdd6d6b7da8fcd319c65b70468f10b6690c45d02ef
https://ajax.googleapis.com/ajax/libs/jquery/3.2.1/jquery.min.js,87083882cc6015984eb0411a99d3981817f5dc5c90ba24f0940420c5548d82de
https://ajax.googleapis.com/ajax/libs/jquery/3.2.0/jquery.min.js,2405bdf4c255a4904671bcc4b97938033d39b3f5f20dd068985a8d94cde273e2
https://ajax.googleapis.com/ajax/libs/jquery/3.1.1/jquery.min.js,85556761a8800d14ced8fcd41a6b8b26bf012d44a318866c0d81a62092efd9bf
https://ajax.googleapis.com/ajax/libs/jquery/3.1.0/jquery.min.js,702b9e051e82b32038ffdb33a4f7eb5f7b38f4cf6f514e4182d8898f4eb0b7fb
https://ajax.googleapis.com/ajax/libs/jquery/3.0.0/jquery.min.js,266bcea0bb58b26aa5b16c5aee60d22ccc1ae9d67daeb21db6bad56119c3447d
https://ajax.googleapis.com/ajax/libs/jquery/2.2.3/jquery.min.js,6b6de0d4db7876d1183a3edb47ebd3bbbf93f153f5de1ba6645049348628109a
https://ajax.googleapis.com/ajax/libs/jquery/2.2.2/jquery.min.js,dfa729d82a3effadab1000181cb99108f232721e3b0af74cfae4c12704b35a32
https://ajax.googleapis.com/ajax/libs/jquery/2.2.1/jquery.min.js,82f420005cd31fab6b4ab016a07d623e8f5773de90c526777de5ba91e9be3b4d
https://ajax.googleapis.com/ajax/libs/jquery/2.2.0/jquery.min.js,8a102873a33f24f7eb22221e6b23c4f718e29f85168ecc769a35bfaed9b12cce
https://ajax.googleapis.com/ajax/libs/jquery/2.1.4/jquery.min.js,22642f202577f0ba2f22cbe56b6cf291a09374487567cd3563e0d2a29f75c0c5
https://ajax.googleapis.com/ajax/libs/jquery/2.1.3/jquery.min.js,8af93bd675e1cfd9ecc850e862819fdac6e3ad1f5d761f970e409c7d9c63bdc3
https://ajax.googleapis.com/ajax/libs/jquery/2.1.1/jquery.min.js,874706b2b1311a0719b5267f7d1cf803057e367e94ae1ff7bf78c5450d30f5d4
https://ajax.googleapis.com/ajax/libs/jquery/2.1.0/jquery.min.js,f284353a7cc4d97f6fe20a5155131bd43587a0f1c98a56eeaf52cff72910f47d
https://ajax.googleapis.com/ajax/libs/jquery/2.0.3/jquery.min.js,a57b5242b9a9adc4c1ef846c365147b89c472b9cd770face331efcb965346b25
https://ajax.googleapis.com/ajax/libs/jquery/2.0.2/jquery.min.js,9d7d1c727e1cd32745764098a76e5d3d5fb7acd3b6527c5aacd85b7c6f8ce341
https://ajax.googleapis.com/ajax/libs/jquery/2.0.1/jquery.min.js,4e1354fc542b617c58cbba3aeb5116a528cf08bb1299f5dc7f3bc77a3b902b68
https://ajax.googleapis.com/ajax/libs/jquery/2.0.0/jquery.min.js,d482871a5e948cb4884fa0972ea98a81abca057b6bd3f8c995a18c12487e761c
https://ajax.googleapis.com/ajax/libs/jquery/1.12.3/jquery.min.js,69a3831c082fc105b56c53865cc797fa90b83d920fb2f9f6875b00ad83a18174
https://ajax.googleapis.com/ajax/libs/jquery/1.12.2/jquery.min.js,95914789b5f3307a3718679e867d61b9d4c03f749cd2e2970570331d7d6c8ed9
https://ajax.googleapis.com/ajax/libs/jquery/1.12.1/jquery.min.js,2359d383bf2d4ab65ebf7923bdf74ce40e4093f6e58251b395a64034b3c39772
https://ajax.googleapis.com/ajax/libs/jquery/1.12.0/jquery.min.js,5f1ab65fe2ad6b381a1ae036716475bf78c9b2e309528cf22170c1ddeefddcbf
https://ajax.googleapis.com/ajax/libs/jquery/1.11.3/jquery.min.js,aec3d419d50f05781a96f223e18289aeb52598b5db39be82a7b71dc67d6a7947
https://ajax.googleapis.com/ajax/libs/jquery/1.11.2/jquery.min.js,2ecd295d295bec062cedebe177e54b9d6b19fc0a841dc5c178c654c9ccff09c0
https://ajax.googleapis.com/ajax/libs/jquery/1.11.1/jquery.min.js,540bc6dec1dd4b92ea4d3fb903f69eabf6d919afd48f4e312b163c28cff0f441
https://ajax.googleapis.com/ajax/libs/jquery/1.11.0/jquery.min.js,b294e973896f8f874e90a8eb1a8908ac790980d034c4c4bdf0fc3d37b8abf682
https://ajax.googleapis.com/ajax/libs/jquery/1.10.2/jquery.min.js,89a15e9c40bc6b14809f236ee8cd3ed1ea42393c1f6ca55c7855cd779b3f922e
https://ajax.googleapis.com/ajax/libs/jquery/1.10.1/jquery.min.js,8bf150f6b29d6c9337de6c945a8f63c929b203442040688878bc2753fe13e007
https://ajax.googleapis.com/ajax/libs/jquery/1.10.0/jquery.min.js,1e80de36726582824df3f9a7eb6ecdfe9827fc5a7c69f597b1502ebc13950ecd
https://ajax.googleapis.com/ajax/libs/jquery/1.9.1/jquery.min.js,c12f6098e641aaca96c60215800f18f5671039aecf812217fab3c0d152f6adb4
https://ajax.googleapis.com/ajax/libs/jquery/1.9.0/jquery.min.js,7fa0d5c3f538c76f878e012ac390597faecaabfe6fb9d459b919258e76c5df8e
https://ajax.googleapis.com/ajax/libs/jquery/1.8.3/jquery.min.js,61c6caebd23921741fb5ffe6603f16634fca9840c2bf56ac8201e9264d6daccf
https://ajax.googleapis.com/ajax/libs/jquery/1.8.2/jquery.min.js,f554d2f09272c6f71447ebfe4532d3b1dd1959bce669f9a5ccc99e64ef511729
https://ajax.googleapis.com/ajax/libs/jquery/1.8.1/jquery.min.js,fc184f96dd18794e204c41075a00923be7e8e568744231d74f2fdf8921f78d29
https://ajax.googleapis.com/ajax/libs/jquery/1.8.0/jquery.min.js,8c574e0a06396dfa7064b8b460e0e4a8d5d0748c4aa66eb2e4efdfcb46da4b31
https://ajax.googleapis.com/ajax/libs/jquery/1.7.2/jquery.min.js,47b68dce8cb6805ad5b3ea4d27af92a241f4e29a5c12a274c852e4346a0500b4
https://ajax.googleapis.com/ajax/libs/jquery/1.7.1/jquery.min.js,88171413fc76dda23ab32baa17b11e4fff89141c633ece737852445f1ba6c1bd
https://ajax.googleapis.com/ajax/libs/jquery/1.7.0/jquery.min.js,ff4e4975ef403004f8fe8e59008db7ad47f54b10d84c72eb90e728d1ec9157ce
https://ajax.googleapis.com/ajax/libs/jquery/1.6.4/jquery.min.js,232066e3f6f1351afdaee1acb70c409766641fd5669e0b55ce7c77fac0a857ef
https://ajax.googleapis.com/ajax/libs/jquery/1.6.3/jquery.min.js,d3f3779f5113da6da957c4d81481146a272c31aefe0d3e4b64414fd686fd9744
https://ajax.googleapis.com/ajax/libs/jquery/1.6.2/jquery.min.js,d16d07a0353405fcec95f7efc50a2621bc7425f9a5e8895078396fb0dc460c4f
https://ajax.googleapis.com/ajax/libs/jquery/1.6.1/jquery.min.js,c784376960f3163dc760bc019e72e5fed78203745a5510c69992a39d1d8fe776
https://ajax.googleapis.com/ajax/libs/jquery/1.6.0/jquery.min.js,e58da58b314ccdeefa3c4865b4b8aa3153e890d7904e04483481d8fff2c27eaa
https://ajax.googleapis.com/ajax/libs/jquery/1.5.2/jquery.min.js,8f0a19ee8c606b35a10904951e0a27da1896eafe33c6e88cb7bcbe455f05a24a
https://ajax.googleapis.com/ajax/libs/jquery/1.5.1/jquery.min.js,764b9e9f3ad386aaa5cdeae9368353994de61c0bede087c8f7e3579cb443de3b
https://ajax.googleapis.com/ajax/libs/jquery/1.5.0/jquery.min.js,229278f6a9c1c27fc55bec50f06548fe64c2629f59f462d50cac28e65bb93a83
https://ajax.googleapis.com/ajax/libs/jquery/1.4.4/jquery.min.js,517364f2d45162fb5037437b5b6cb953d00d9b2b3b79ba87d9fe57ea6ee6070c
https://ajax.googleapis.com/ajax/libs/jquery/1.4.3/jquery.min.js,f800b399e5c7a5254fc66bb407117fe38dbde0528780e68c9f7c87d299f8486a
https://ajax.googleapis.com/ajax/libs/jquery/1.4.2/jquery.min.js,e23a2a4e2d7c2b41ebcdd8ffc0679df7140eb7f52e1eebabf827a88182643c59
https://ajax.googleapis.com/ajax/libs/jquery/1.4.1/jquery.min.js,2cec78f739fbddfed852cd7934d2530e7cc4c8f14b38673b03ba5fb880ad4cc7
https://ajax.googleapis.com/ajax/libs/jquery/1.4.0/jquery.min.js,89abaf1e2471b00525b0694048e179c0f39a2674e3bcb34460ea6bc4801882be
https://ajax.googleapis.com/ajax/libs/jquery/1.3.2/jquery.min.js,c8370a2d050359e9d505acc411e6f457a49b21360a21e6cbc9229bad3a767899
https://ajax.googleapis.com/ajax/libs/jquery/1.3.1/jquery.min.js,17ec1f16efac893b9bd89bba5f13cb1e0bf938bdc9cece6cae3ed77f18fa6fd7
https://ajax.googleapis.com/ajax/libs/jquery/1.3.0/jquery.min.js,900191a443115d8b48a9d68d3062e8b3d7129727951b8617465b485baf253006
https://ajax.googleapis.com/ajax/libs/jquery/1.2.6/jquery.min.js,928f0f1361a114f4b965df98e1b4cc11a9766a5292a29c79f13318edc3461dbc
https://ajax.googleapis.com/ajax/libs/jquery/1.2.3/jquery.min.js,31069d8cbddb6a73827a204a9e1a4fe75f9928a9e51cc0473801c2de1f1592d5
https://ajax.googleapis.com/ajax/libs/jquerymobile/1.4.5/jquery.mobile.min.css,bde718bbe26419b2789ee42b6816077570326691d41b5d8488df906931dc840a
https://ajax.googleapis.com/ajax/libs/jquerymobile/1.4.4/jquery.mobile.min.css,1bc5a3702f44959ba42cdb597a11ce754e98abd6e41e7a555efa916c60cb735e
https://ajax.googleapis.com/ajax/libs/jquerymobile/1.4.3/jquery.mobile.min.css,b4736a8c58d58da400fe4c2c238724e1f979ddd6a3e7645a0a50b06e688e7095
https://ajax.googleapis.com/ajax/libs/jquerymobile/1.4.2/jquery.mobile.min.css,5d1ce8e85b0e08b464b6a121ca408424a97e0d40c603f0a637ada250489f562f
https://ajax.googleapis.com/ajax/libs/jquerymobile/1.4.1/jquery.mobile.min.css,478e0d6b9a4ac62560d988e5ecc25e597befd5ff333f60842369456a0a1fb1ee
https://ajax.googleapis.com/ajax/libs/jquerymobile/1.4.0/jquery.mobile.min.css,e921d50e4186bfb0d050e8a4ab7d4b50c213b35663a8f9c46a85fd38ee28ca34
https://ajax.googleapis.com/ajax/libs/jqueryui/1.14.1/themes/smoothness/jquery-ui.css,36aa3a9c2d380119d4ccb86ea6bf68f009643331a3f573f17b9c8b5c39c926e9
https://ajax.googleapis.com/ajax/libs/jqueryui/1.14.0/themes/smoothness/jquery-ui.css,c29c34595075658d5976414a23404a9c4bbbef24dc237970551363dcb0b352be
https://ajax.googleapis.com/ajax/libs/jqueryui/1.13.3/themes/smoothness/jquery-ui.css,5beed07eb86f7b772b9c45d47dee741dc35e8da9150e5d0b4db3bf167f4e4057
https://ajax.googleapis.com/ajax/libs/jqueryui/1.13.2/themes/smoothness/jquery-ui.css,8473ed670b978405cb4ef7a6822385043b30107e0dae82a008326c6ed237ce51
https://ajax.googleapis.com/ajax/libs/jqueryui/1.13.1/themes/smoothness/jquery-ui.css,d1587bfde4c7ae469cdac61e2f0a1b1276eacf9d3e7dc1fd0f81c16babb7fb87
https://ajax.googleapis.com/ajax/libs/jqueryui/1.13.0/themes/smoothness/jquery-ui.css,f5860bc046705e3b2421966ea404e69aaad2b9414ab6414c7258dbd343ebe091
https://ajax.googleapis.com/ajax/libs/jqueryui/1.12.1/themes/smoothness/jquery-ui.css,f9b751c1cd0d2b0f91862db987fed9dda48758b15e6f42ca67796b45f4b21702
https://ajax.googleapis.com/ajax/libs/jqueryui/1.12.0/themes/smoothness/jquery-ui.css,38ab5953a468c8084db2452a42bdc59a6be197bab8dad4105c040b63186155e9
https://ajax.googleapis.com/ajax/libs/jqueryui/1.11.4/themes/smoothness/jquery-ui.css,7f8e420a4ac3ea7f6fd081ce07234101414d27df260a6d547663f8e0c0efbaf4
https://ajax.googleapis.com/ajax/libs/jqueryui/1.11.3/themes/smoothness/jquery-ui.css,7f4b9e18d6c7644e9d690818b04285dc90f64930759799ed1344f8ca71013e52
https://ajax.googleapis.com/ajax/libs/jqueryui/1.11.2/themes/smoothness/jquery-ui.css,95d5b67a78f81f3c071b01f888c9a468c13c8288597b64c99ff829e35b51a012
https://ajax.googleapis.com/ajax/libs/jqueryui/1.11.1/themes/smoothness/jquery-ui.css,9b725056b2fe2b144719e8120457f251eb85b9a8c776753cbadef3c0deb6dd05
https://ajax.googleapis.com/ajax/libs/jqueryui/1.11.0/themes/smoothness/jquery-ui.css,c2263002d3521779ee5854440cee6fc797304a69e0c04d691a0e7d3505110946
https://ajax.googleapis.com/ajax/libs/jqueryui/1.10.4/themes/smoothness/jquery-ui.css,5bba92f99f2514add495efe994a74f8602180e17ff646d9d4260f3bc8302f043
https://ajax.googleapis.com/ajax/libs/jqueryui/1.10.3/themes/smoothness/jquery-ui.css,9c286c1a80773a8c752ffc323aec348776f86ab242a4e58636b87f376e0853b1
https://ajax.googleapis.com/ajax/libs/jqueryui/1.10.2/themes/smoothness/jquery-ui.css,b3080cf74d69bea3983aa2970cfedb0d71af23944fcb3d65b145331fe81e05f7
https://ajax.googleapis.com/ajax/libs/jqueryui/1.10.1/themes/smoothness/jquery-ui.css,5b6c9dd6b1f2deb50d6a62e1c4bc4a362004502663f1d6e1e278a76e9af79a85
https://ajax.googleapis.com/ajax/libs/jqueryui/1.10.0/themes/smoothness/jquery-ui.css,d6e847220e9f5ca06be50e9c9c01066157d2f000ab3fb354f5e807148245e807
https://ajax.googleapis.com/ajax/libs/jqueryui/1.9.2/themes/smoothness/jquery-ui.css,21671e63016f14cf41ae8aa35d7709aecc3f9d17c08066330d6020fdfcbe1ae0
https://ajax.googleapis.com/ajax/libs/jqueryui/1.9.1/themes/smoothness/jquery-ui.css,85074fc75b18198daf143f4bc39d0fc2b31b6b4724f8b29ad239b0bd80e7fc56
https://ajax.googleapis.com/ajax/libs/jqueryui/1.9.0/themes/smoothness/jquery-ui.css,df3c4dfc105704b9df6638ed32ea3f68afd156774af784e80aeeec5585456d29
https://ajax.googleapis.com/ajax/libs/jqueryui/1.8.24/themes/smoothness/jquery-ui.css,308b1eee7a3334b8b7b0278128609357f58ee3e5ffe668e5c37b201815547ca6
https://ajax.googleapis.com/ajax/libs/jqueryui/1.8.23/themes/smoothness/jquery-ui.css,0e04d0a3b3a5f8defe518ff6ce3aa63131ba581d3be429b6a14a58745edbadf7
https://ajax.googleapis.com/ajax/libs/jqueryui/1.8.22/themes/smoothness/jquery-ui.css,eadd2dfdd1cd7ebed2c8f1507afb06b6c1ae69002895c9cddef8472b483d42e5
https://ajax.googleapis.com/ajax/libs/jqueryui/1.8.21/themes/smoothness/jquery-ui.css,c080d3b061215a2b871ec9b9892d77b7c16aa533a92565c3f96f13fea0793c95
https://ajax.googleapis.com/ajax/libs/jqueryui/1.8.20/themes/smoothness/jquery-ui.css,74ccbccb0f4ff9f045fdf4bfd2b1fcacb0e7da5f42c4e6c08332e996cf95b41a
https://ajax.googleapis.com/ajax/libs/jqueryui/1.8.19/themes/smoothness/jquery-ui.css,40ba4c5d50dbcab9139a480c1748541f13929f8b49821d2d8264bbd7ae621455
https://ajax.googleapis.com/ajax/libs/jqueryui/1.8.18/themes/smoothness/jquery-ui.css,82d9250c75e1436fe94dbb67869bb825ef351e5ec6a121627ecb30dc48d38e51
https://ajax.googleapis.com/ajax/libs/jqueryui/1.8.17/themes/smoothness/jquery-ui.css,dc0b86a449f533ccd7cfd77d70464881fd0d478e22b6209de9651f6336e07070
https://ajax.googleapis.com/ajax/libs/jqueryui/1.8.16/themes/smoothness/jquery-ui.css,c9f433520bf382b2a7823f65b54d6d04ce958c7ffaed714330de305ccfb8e47a
https://ajax.googleapis.com/ajax/libs/jqueryui/1.8.15/themes/smoothness/jquery-ui.css,083db2e205fb2543555e211de51b6c8a10c94e19bd360b5dd8d23461b217496c
https://ajax.googleapis.com/ajax/libs/jqueryui/1.8.14/themes/smoothness/jquery-ui.css,262166fbb9689e1ef3a5ceaaf733e98dd77b06a0eb37818e02ab8b4208496605
https://ajax.googleapis.com/ajax/libs/jqueryui/1.8.13/themes/smoothness/jquery-ui.css,d9b5f336d2bb70be788e8fb8726c06fc96a066884bcf3adcde86bd0ffd8b8c4e
https://ajax.googleapis.com/ajax/libs/jqueryui/1.8.12/themes/smoothness/jquery-ui.css,5465bef5a0a94e76ddf74226f2dc9c8a358e2bef64f14532333ed16de57b9de1
https://ajax.googleapis.com/ajax/libs/jqueryui/1.8.11/themes/smoothness/jquery-ui.css,9bee06945cbf2dc2acf1abc60a45959cc7c2da1f25e47ee96729cb054379caf2
https://ajax.googleapis.com/ajax/libs/jqueryui/1.8.10/themes/smoothness/jquery-ui.css,bc1b0cf78c34fb6f19d761116aea24dcf63a1bcb7aa045b59f1ede43f92c608e
https://ajax.googleapis.com/ajax/libs/jqueryui/1.8.9/themes/smoothness/jquery-ui.css,1b6ddf52e3315f7a96473596da6809939f5ba8a32a60443a9a6811e739442fa9
https://ajax.googleapis.com/ajax/libs/jqueryui/1.8.8/themes/smoothness/jquery-ui.css,187a74814cdbe2e9b7056ab9153ada04064e9cb92b1765ca3c9ce27139ec49fb
https://ajax.googleapis.com/ajax/libs/jqueryui/1.8.7/themes/smoothness/jquery-ui.css,2e912014c8649a94cdb1a085d25fe16327ee73fa71b4c817f193ce565a0252b7
https://ajax.googleapis.com/ajax/libs/jqueryui/1.8.6/themes/smoothness/jquery-ui.css,a08147844abff33d6c304678e29a1edf50340ffbcc6595a3ce4a1339aef05648
https://ajax.googleapis.com/ajax/libs/jqueryui/1.8.5/themes/smoothness/jquery-ui.css,c081874b00b9fa4641c3a28769fb6512f28a3a26878d03cde91e5c52c4899867
https://ajax.googleapis.com/ajax/libs/jqueryui/1.8.4/themes/smoothness/jquery-ui.css,c081874b00b9fa4641c3a28769fb6512f28a3a26878d03cde91e5c52c4899867
https://ajax.googleapis.com/ajax/libs/jqueryui/1.8.2/themes/smoothness/jquery-ui.css,24f099c92866d88ba834404372c3c1ad21bf305e9c501cb8089e520fdd3a63a1
https://ajax.googleapis.com/ajax/libs/jqueryui/1.8.1/themes/smoothness/jquery-ui.css,19d09f42aefee0cf1c34e57c3a2f5c9a53bba9035c731083bf27d5d155ef7afd
https://ajax.googleapis.com/ajax/libs/jqueryui/1.8.0/themes/smoothness/jquery-ui.css,d2144b545e8c15a55d45979bbf0321e492d579f96b0185444e054b00bc412a1f
https://ajax.googleapis.com/ajax/libs/jqueryui/1.7.3/themes/smoothness/jquery-ui.css,f921d1af2961e2278ef21996f921fb0be73d50e44a973961d4ca08c33d2eab65
https://ajax.googleapis.com/ajax/libs/jqueryui/1.7.2/themes/smoothness/jquery-ui.css,f921d1af2961e2278ef21996f921fb0be73d50e44a973961d4ca08c33d2eab65
https://ajax.googleapis.com/ajax/libs/jqueryui/1.7.1/themes/smoothness/jquery-ui.css,e5208c3e0ac02edce57773dc9d581019a78502844a2905706156bb45232d07db
https://ajax.googleapis.com/ajax/libs/jqueryui/1.7.0/themes/smoothness/jquery-ui.css,e5208c3e0ac02edce57773dc9d581019a78502844a2905706156bb45232d07db
https://ajax.googleapis.com/ajax/libs/jqueryui/1.8.3/themes/smoothness/jquery-ui.css,c081874b00b9fa4641c3a28769fb6512f28a3a26878d03cde91e5c52c4899867
https://ajax.googleapis.com/ajax/libs/listjs/2.3.1/list.min.js,b2f59a292da1e9839dc3560f61a64cff8af9b2ef3283cd57f0dd3225c53e6f5c
https://ajax.googleapis.com/ajax/libs/material-motion/0.1.0/material-motion.bundle.js,871a0382f661ba65ec9a87c017028f8cf8f4c71897a06866ab1358696f02b5fd
https://ajax.googleapis.com/ajax/libs/model-viewer/3.0.0/model-viewer.min.js,71628275b9bcf15e30746499bc20d475a8efe7b95647acf631043d2b55a04040
https://ajax.googleapis.com/ajax/libs/model-viewer/2.1.1/model-viewer.min.js,91f522608f12a362ca61e540222be1c0dba27e587c5029a9f1dd5a3d67b471ef
https://ajax.googleapis.com/ajax/libs/model-viewer/2.1.0/model-viewer.min.js,d61c81a82caa7df1bc3d8925db0de232fbb7337d02e0ae797508475bd7d8f4b6
https://ajax.googleapis.com/ajax/libs/model-viewer/2.0.2/model-viewer.min.js,6ebb304fc710bc334267cabd667ee89f90ab8feb486f535eafc71ba172c00b42
https://ajax.googleapis.com/ajax/libs/model-viewer/2.0.1/model-viewer.min.js,2a289b64909ee1736c08903ebe4d6c6daabab6606b1ce4d3a5de3e5641f50c00
https://ajax.googleapis.com/ajax/libs/model-viewer/2.0.0/model-viewer.min.js,5f8f4530ee05d20363a6f82bba44e3c596d5e6a3ca14594716d05306ab822451
https://ajax.googleapis.com/ajax/libs/model-viewer/1.12.0/model-viewer.min.js,2439cc76221f06f1bd3d645c2d4e8cda84d2d1291040b0823daa15611a8c5d53
https://ajax.googleapis.com/ajax/libs/model-viewer/1.11.1/model-viewer.min.js,34e30c7d1f228cf7e1dccf3c6d9dbadbbe78aea11c246b4c799b5d3c0b66d11a
https://ajax.googleapis.com/ajax/libs/model-viewer/1.10.0/model-viewer.min.js,c74339663155f094ee4849fa192b066c5393a64e207ab7139d0c1f40f12adef1
https://ajax.googleapis.com/ajax/libs/model-viewer/1.9.0/model-viewer.min.js,d681cd885a2147f27c10d0a1c1ed72685f31e76065e86b83a5444aafd9e56d11
https://ajax.googleapis.com/ajax/libs/model-viewer/1.8.0/model-viewer.min.js,9755e5ec31e883733ae0232dbd9f1d5189fc02a82e4ea37138d80d11b58c2f5d
https://ajax.googleapis.com/ajax/libs/model-viewer/1.7.2/model-viewer.min.js,06fb0bb849570631789952c074d1ee884855007ac6d3ef533f77d60cfb06a322
https://ajax.googleapis.com/ajax/libs/model-viewer/1.7.0/model-viewer.min.js,62d644b306c45ae9bda922785122d6520235194422ad3589e6432ba33d4b75ca
https://ajax.googleapis.com/ajax/libs/model-viewer/1.6.0/model-viewer.min.js,30deb2563394db642d9d755e8280b975e27a1335dfb19a985c7c75fb3266a634
https://ajax.googleapis.com/ajax/libs/model-viewer/1.5.1/model-viewer.min.js,d856d065f37972c0c9516f810b4065c1e3ba19a9e35825e58a8b96c1b34227ca
https://ajax.googleapis.com/ajax/libs/model-viewer/1.3.1/model-viewer.min.js,1c5426f04e151bb0a3d04f7be43e61a9a393ac991a7a29c95983ba2327c212b8
https://ajax.googleapis.com/ajax/libs/model-viewer/1.2.1/model-viewer.min.js,8adf99965cefc3eee96cabb6539088c4502d87b5517ac52a018b3b62228e3026
https://ajax.googleapis.com/ajax/libs/model-viewer/1.1.0/model-viewer.min.js,833b76c3d4972afc8ae2755432e3d287b169c43e767e697c03e978885d8e5b84
https://ajax.googleapis.com/ajax/libs/model-viewer/1.0.0/model-viewer.min.js,ce78d443008981770606ce26741937e5d1b1d2d5880419ad0b3fff66d2212989
https://ajax.googleapis.com/ajax/libs/mootools/1.6.0/mootools.min.js,07bec3e5fa672d0e0e028a72e4e26a0269906687519fd5f5761d42805e61a31f
https://ajax.googleapis.com/ajax/libs/mootools/1.5.2/mootools.min.js,7aa5e0e9ca7e20d815a41b113f2d5777f1dd0db3b11cc314b5e0a20650dfa469
https://ajax.googleapis.com/ajax/libs/mootools/1.5.1/mootools-yui-compressed.js,2a2632c81e13ca41fc81a3b9a95b98b6526768e9795263beae0aeb19d592ac4f
https://ajax.googleapis.com/ajax/libs/mootools/1.5.0/mootools-yui-compressed.js,cfce3e106ca22937013636e31d51df6c583b919b66673187fa8232987e6ec11f
https://ajax.googleapis.com/ajax/libs/mootools/1.4.5/mootools-yui-compressed.js,6be70110418f9738ca23c6d61d73ce3c0cb01087843c96de5ced119c5ab882c6
https://ajax.googleapis.com/ajax/libs/mootools/1.4.4/mootools-yui-compressed.js,52b8af76b034b209ec40e13fc38d6072a24726b547520a36d3b6a8d718a31adc
https://ajax.googleapis.com/ajax/libs/mootools/1.4.3/mootools-yui-compressed.js,6f21a7428ef4a98dc9e068073804540d5bfef22a9a286e5d79ad28b6247f4dde
https://ajax.googleapis.com/ajax/libs/mootools/1.4.2/mootools-yui-compressed.js,44fb20bc2899c2dcd9df5ff8cb4148c13eed1b9772cf3aea696f0120dea7e4c0
https://ajax.googleapis.com/ajax/libs/mootools/1.4.1/mootools-yui-compressed.js,cb4443ad03b3c7a2b17fc4679e3e22889ddd92218c06a88cdbdbad6714077fff
https://ajax.googleapis.com/ajax/libs/mootools/1.4.0/mootools-yui-compressed.js,7d29ab5e069f3d90c545aee6a8b4f26bbb0a07e79524ac354761fcb69ad1a380
https://ajax.googleapis.com/ajax/libs/mootools/1.3.2/mootools-yui-compressed.js,a8801b2f022372dc3f13c2b0a1f1207be8b25a24c4c1b594b3833d237cff1035
https://ajax.googleapis.com/ajax/libs/mootools/1.3.1/mootools-yui-compressed.js,aefc79031c1cb04fed78f296150c4c60730de2b99b4fde2f0c0682ae86f52849
https://ajax.googleapis.com/ajax/libs/mootools/1.3.0/mootools-yui-compressed.js,2baa933e4fe1f6e5936a7faa5395c4eddfad2ae75850bca5d4bdc40213f03324
https://ajax.googleapis.com/ajax/libs/mootools/1.2.5/mootools-yui-compressed.js,ac071a03abd75d9afc6f60a2e56fa914dd7e15e95ad3d8fcba33c96880d0c7f5
https://ajax.googleapis.com/ajax/libs/mootools/1.2.4/mootools-yui-compressed.js,915d1aba8fdb997699cc66f8e2823802b05f02487a4397cb7565bee13caaf048
https://ajax.googleapis.com/ajax/libs/mootools/1.2.3/mootools-yui-compressed.js,bc9f613af0d250ec23523e46b4cea075c128d732e3c26ae1c712183af89a75a1
https://ajax.googleapis.com/ajax/libs/mootools/1.2.2/mootools-yui-compressed.js,697a9a650e2b58c05f6b4e54ac076e0eafcb244c89e4969dfe1cd957a8657258
https://ajax.googleapis.com/ajax/libs/mootools/1.2.1/mootools-yui-compressed.js,47d3eb01d7218d85b7e8c60af98c2bf282e30b1fdcb260853a75c86d3cdfad5c
https://ajax.googleapis.com/ajax/libs/mootools/1.1.2/mootools-yui-compressed.js,be59356218310c9ab9a881a5cb3ca01d6eca525ad691589343dba307cc881df4
https://ajax.googleapis.com/ajax/libs/mootools/1.1.1/mootools-yui-compressed.js,875dc3664c9ad7e09f64900ffcfac63c34ce241892c984d82757865889d089e5
https://ajax.googleapis.com/ajax/libs/myanmar-tools/1.2.1/zawgyi_detector.min.js,9649a8fffb6795c25c04e226ad3ca765f53ba66e1504c19f8ba05fcdde8b41fc
https://ajax.googleapis.com/ajax/libs/myanmar-tools/1.0.1/zawgyi_detector.min.js,b6f9d69dafc35c709f82a9f378c3bd447277fcc0bf045f64f8ab30a6deb62cdf
https://ajax.googleapis.com/ajax/libs/myanmar-tools/1.1.0/zawgyi_detector.min.js,89001d6d088e28426c68d7544fad15dc00ffbcd477b3e5da2135ad8309cf098c
https://ajax.googleapis.com/ajax/libs/myanmar-tools/1.1.1/zawgyi_detector.min.js,89001d6d088e28426c68d7544fad15dc00ffbcd477b3e5da2135ad8309cf098c
https://ajax.googleapis.com/ajax/libs/myanmar-tools/1.1.3/zawgyi_detector.min.js,89001d6d088e28426c68d7544fad15dc00ffbcd477b3e5da2135ad8309cf098c
https://ajax.googleapis.com/ajax/libs/myanmar-tools/1.2.0/zawgyi_detector.min.js,9649a8fffb6795c25c04e226ad3ca765f53ba66e1504c19f8ba05fcdde8b41fc
https://ajax.googleapis.com/ajax/libs/prototype/1.7.3.0/prototype.js,46bc7c7b853bf69ab0b165153453f7c1e84bf6982fe8adb6245088a5f3de8360
https://ajax.googleapis.com/ajax/libs/prototype/1.7.2.0/prototype.js,a6b4f5343dd13746d73c87e9f2e6187768e92fdfd1334fb4613dd23c6cd3e819
https://ajax.googleapis.com/ajax/libs/prototype/1.7.1.0/prototype.js,48a4fd51466ac55d081ff932371021b328f118f74ee6ba93c0ec8fd163e34a30
https://ajax.googleapis.com/ajax/libs/prototype/1.7.0.0/prototype.js,dedea3aa22a087b3745c9635e7a3d65e772d57ce590b541a6a32069a0b1d60b9
https://ajax.googleapis.com/ajax/libs/prototype/1.6.1.0/prototype.js,e6e2a78094b7589346c1a8a15f9155ab0300e52d1b97aabb0752d3fa2c3bcb38
https://ajax.googleapis.com/ajax/libs/prototype/1.6.0.3/prototype.js,1c9418e68631fa52f9dc1f338a4fa7b238d99e9519ebbc82819d9eae8b257bd1
https://ajax.googleapis.com/ajax/libs/prototype/1.6.0.2/prototype.js,e9cca17c4320baac34e9ea5a41357ae0baffdd1beed813c2ef1f82d1179e9868
https://ajax.googleapis.com/ajax/libs/scriptaculous/1.9.0/scriptaculous.js,a361f7a0236899778a357fa532dc307867137c6066d87b967f0314409c279018
https://ajax.googleapis.com/ajax/libs/scriptaculous/1.8.3/scriptaculous.js,249ea254b5f40568dc750fa3004aa011f9d0771bfed0f5a8484c49fef0eb5838
https://ajax.googleapis.com/ajax/libs/scriptaculous/1.8.2/scriptaculous.js,e6747c1a4c460fd40a05a0f419db1dc139c33e72447ac36f96d59451b213a4c7
https://ajax.googleapis.com/ajax/libs/scriptaculous/1.8.1/scriptaculous.js,e84f95f2e14bcd476d758c25295bb9318a03a003e2e0f7d61c135d1c6d963525
https://ajax.googleapis.com/ajax/libs/shaka-player/5.1.8/shaka-player.compiled.js,e96ee2c26f0e465ae7c4ea939068fe9730037d9e65bf43e07241dd0028f50acb
https://ajax.googleapis.com/ajax/libs/shaka-player/5.0.19/shaka-player.compiled.js,81d593d3b436d43566bbe69a72d12199e7647fe9970334f82e494a6d94550402
https://ajax.googleapis.com/ajax/libs/shaka-player/4.16.35/shaka-player.compiled.js,f1a30c47856ccada8980048844f7f6eab1779d808075a9aeb80838e99bef50cc
https://ajax.googleapis.com/ajax/libs/shaka-player/4.15.47/shaka-player.compiled.js,1c18b2359a19a9b0f3ce25155e1702db89b69c6f4a9e9e5defaeb0ed512e5970
https://ajax.googleapis.com/ajax/libs/shaka-player/5.1.0/shaka-player.compiled.js,e21b5e69ee82323b0201729f5576f71f8109cdda19599167acdb5f9d8a72cb42
https://ajax.googleapis.com/ajax/libs/shaka-player/5.0.0/shaka-player.compiled.js,0342e49e4f1703d5ca6accfd5beaa604ba77fad77d83c03353d7570f8a2567e3
https://ajax.googleapis.com/ajax/libs/shaka-player/4.16.0/shaka-player.compiled.js,1856beb1db1172a35fe7819b8d789ef220e6ca687cbf0be29153737d2c633089
https://ajax.googleapis.com/ajax/libs/shaka-player/4.15.0/shaka-player.compiled.js,c4d619822809d1f7d4e168dc9c6639e72b94cd8f41774b6e5e8be0af2880539f
https://ajax.googleapis.com/ajax/libs/shaka-player/4.14.0/shaka-player.compiled.js,59e3728e9322268f849dfd0d686f0aa5d8ea59ea72bb93e9e5c60787f2acf702
https://ajax.googleapis.com/ajax/libs/shaka-player/4.14.28/shaka-player.compiled.js,87c23851662aa3bc007c81053052be8f184a54aaa3f78966d957d443563fe18e
https://ajax.googleapis.com/ajax/libs/shaka-player/4.13.0/shaka-player.compiled.js,1198275a743cd7084cc21a81849396c897a2ad87952dd106f0b117820a365e85
https://ajax.googleapis.com/ajax/libs/shaka-player/4.13.25/shaka-player.compiled.js,20a659fdf718e5eb722663a7b4240d42813cd556dc3897d4745a0eb6a51a0206
https://ajax.googleapis.com/ajax/libs/shaka-player/4.12.0/shaka-player.compiled.js,f9c4b4b72969924d7e43ef08eb809d240e2984d5a7d9e2d18d3dd31c4c5824b6
https://ajax.googleapis.com/ajax/libs/shaka-player/4.12.18/shaka-player.compiled.js,5610a52c36babafdd7f911abce60f994003a042da7bbb4ea795ca4e2b6dbe1b4
https://ajax.googleapis.com/ajax/libs/shaka-player/4.11.0/shaka-player.compiled.js,94ebf6648ec5033396dacab75a27078049ed38c39205930f8acd64ce87d16efc
https://ajax.googleapis.com/ajax/libs/shaka-player/4.11.21/shaka-player.compiled.js,eb42c40889369e36802234621283c179166134c745c094fa2ef70cbbf800200a
https://ajax.googleapis.com/ajax/libs/shaka-player/4.10.0/shaka-player.compiled.js,f03e047f2efd0c06875ed7ac0c3fa22f1be572b95f7813c295e6113c8c03c176
https://ajax.googleapis.com/ajax/libs/shaka-player/4.10.26/shaka-player.compiled.js,4d13182ad7ad0504e3995f3c2f802a0cc0670ef3d3ee83a483f730576ba59b26
https://ajax.googleapis.com/ajax/libs/shaka-player/4.9.0/shaka-player.compiled.js,c1e720914104a5f3c4b1cca6c711b0ae2053e6843090bf8ed9d1a7fa93ae91c3
https://ajax.googleapis.com/ajax/libs/shaka-player/4.9.36/shaka-player.compiled.js,e005054497b7dfdad602d0f982ada89b659963b5d4513a65ad30e9b7cf68b91b
https://ajax.googleapis.com/ajax/libs/shaka-player/4.8.0/shaka-player.compiled.js,88547715d30f062164a984404946f998b19e0f77634311448bc3643b770f005c
https://ajax.googleapis.com/ajax/libs/shaka-player/4.8.20/shaka-player.compiled.js,7e1a8e039051c7b08994b32d09bc2484ddb6ab34ec15a194fdb20278147ccd55
https://ajax.googleapis.com/ajax/libs/shaka-player/4.7.0/shaka-player.compiled.js,34e297b11471ec6ff416d8491e3af32229f59c9127d3700618cd830d8f78b2af
https://ajax.googleapis.com/ajax/libs/shaka-player/4.7.15/shaka-player.compiled.js,2b915db83faf258e3896383fff4ade727015942390cbfcbe0333899425d72257
https://ajax.googleapis.com/ajax/libs/shaka-player/4.6.0/shaka-player.compiled.js,cea59365aa7b4ac6b7c819883874c71a286734c2a120245087ed8e340f5737ec
https://ajax.googleapis.com/ajax/libs/shaka-player/4.6.18/shaka-player.compiled.js,1c4d6787493cd1af327686b03e6b78ef520e519d9fcb14fd81f339990af5481c
https://ajax.googleapis.com/ajax/libs/shaka-player/4.5.0/shaka-player.compiled.js,c9bfde30d4e8c9ed9cc65ebacbe218fd72307405c00ba88dfdbb4eb33f9728a0
https://ajax.googleapis.com/ajax/libs/shaka-player/4.4.0/shaka-player.compiled.js,c308d53cb2014c1e9dc1537db24281d7dd63c544c73aefc90d5a94dbea813aee
https://ajax.googleapis.com/ajax/libs/shaka-player/4.4.3/shaka-player.compiled.js,7dc528afb4485c974aaec80177a843472f739ba9f92d76cf5bb9d1df156b7517
https://ajax.googleapis.com/ajax/libs/shaka-player/4.3.0/shaka-player.compiled.js,c21b4226117c4159dbf88aca722b27360268b65781007452ecd35fa90faccedd
https://ajax.googleapis.com/ajax/libs/shaka-player/4.3.16/shaka-player.compiled.js,117a0a6e7ebc855195fa3c46b94e8c31dc8e66b40701be88918a836364a0a8ce
https://ajax.googleapis.com/ajax/libs/shaka-player/4.2.0/shaka-player.compiled.js,d4ce28fe1dac1880bb9760dec10a046f16e4e1371b02acb5d4410f3f706fc96d
https://ajax.googleapis.com/ajax/libs/shaka-player/4.2.14/shaka-player.compiled.js,fc4460d75c10518de0a5fca8c97c77a7004b22a04bdcc8f3db64c5a8d50adaf6
https://ajax.googleapis.com/ajax/libs/shaka-player/4.1.0/shaka-player.compiled.js,ad0540a46d4d5d5990668394f418825c4622610c8670e5878c3c5d3b0e7f07a1
https://ajax.googleapis.com/ajax/libs/shaka-player/4.1.7/shaka-player.compiled.js,7cedffe0341b3f3ad83e5679232b0fb0d7facc1ddea171d7b83ef3758f05ec00
https://ajax.googleapis.com/ajax/libs/shaka-player/4.0.0/shaka-player.compiled.js,d1d3dabd066fadc62d85fbaf2b3fb2b163a77c5692c0a7d9cd29d0f6e8badeec
https://ajax.googleapis.com/ajax/libs/shaka-player/4.0.5/shaka-player.compiled.js,1b3e1df879a0d52ed863ec17544e68490a845b2847953ceeff1e4f72208e07e3
https://ajax.googleapis.com/ajax/libs/shaka-player/3.3.0/shaka-player.compiled.js,fc62df390de03bdf9596d8417664565c483b3a75b474a50a6dac34e3e6cec2e2
https://ajax.googleapis.com/ajax/libs/shaka-player/3.3.19/shaka-player.compiled.js,513903046f3a4e229c68f250b6ec6eea6f3fa57f3f15151ef8c8fb1203aa61bb
https://ajax.googleapis.com/ajax/libs/shaka-player/3.2.0/shaka-player.compiled.js,81220cf02ca3492f6f153418a403d0c074266679ea9c45d309b40626d5ad772c
https://ajax.googleapis.com/ajax/libs/shaka-player/3.2.21/shaka-player.compiled.js,9a35119f996fe9b0e47c2f3a397b6550712112175d9349beb2e07dc5c7670f43
https://ajax.googleapis.com/ajax/libs/shaka-player/3.1.0/shaka-player.compiled.js,ea786571cbf9385a45b67a5b04c8e9417d1b33e715026a9140c514a45989aa6f
https://ajax.googleapis.com/ajax/libs/shaka-player/3.1.8/shaka-player.compiled.js,4c53caacff49d7d3f0d8290472bee0e5d48b1ed9d09b50f301f13c1c93457aa7
https://ajax.googleapis.com/ajax/libs/shaka-player/3.0.0/shaka-player.compiled.js,8a2970d3195656d2f6fce53b1fe90ed81c0b69b06e53aa1550cdde9d7b9e0a3d
https://ajax.googleapis.com/ajax/libs/shaka-player/3.0.15/shaka-player.compiled.js,6571c9df07015cdb6c6899996ab6ebfb9cf25799255e3100534a5e5db40485f1
https://ajax.googleapis.com/ajax/libs/shaka-player/2.5.0-beta/shaka-player.compiled.js,f76d23ab88a1e6b851033716474b91a33e66c2f3ba951de7a6ba462c13f0cc55
https://ajax.googleapis.com/ajax/libs/shaka-player/2.5.23/shaka-player.compiled.js,d34f9655828de59bca4dd1cb3a6f8d4994125fb3b12286d1510a072d284740fa
https://ajax.googleapis.com/ajax/libs/shaka-player/2.4.0/shaka-player.compiled.js,4c0b08012e4eff434b40e58c19f266713dc1cab66ba66a933b1637ae401aa3fd
https://ajax.googleapis.com/ajax/libs/shaka-player/2.4.7/shaka-player.compiled.js,6080353d446fe2f4644b1e6b7ba601e9b07cd175aaaff90ca6346927393198fe
https://ajax.googleapis.com/ajax/libs/shaka-player/2.3.0/shaka-player.compiled.js,e6813b7fdc5089fb3c2a167a214c88698f6288527cd340e692be70539b19382e
https://ajax.googleapis.com/ajax/libs/shaka-player/2.3.10/shaka-player.compiled.js,56d17131cf7e4f2c676520f9e8c7576177edd042bc161bf238dbf51698164826
https://ajax.googleapis.com/ajax/libs/shaka-player/2.2.0/shaka-player.compiled.js,82e1e7b47105060f967bb429b9545907d7dbe7a022f5d77aa87c0cf8b9ee991d
https://ajax.googleapis.com/ajax/libs/shaka-player/2.2.10/shaka-player.compiled.js,0ff21554626f253decb9784da5a12586b1d0340d964192b71a24c66621c2e026
https://ajax.googleapis.com/ajax/libs/shaka-player/2.1.0/shaka-player.compiled.js,b8c59d2cf3169fcb1c43278931196ca688755384fa3992c432e061925573f4fd
https://ajax.googleapis.com/ajax/libs/shaka-player/2.1.9/shaka-player.compiled.js,0c2643113d8a87ec4cb8b0872823fcdf2bc6e17ee7cd35722fb893612e30f900
https://ajax.googleapis.com/ajax/libs/shaka-player/2.0.6/shaka-player.compiled.js,75d83a482a37a8c266c17c4daa09fd371dbcad05625b285ff5c6a080a1948a58
https://ajax.googleapis.com/ajax/libs/shaka-player/2.0.9/shaka-player.compiled.js,1c5c447898275743d2dd7e4f263e33a3035fbb337cdddeba4cae191860f1d02e
https://ajax.googleapis.com/ajax/libs/shaka-player/1.6.5/shaka-player.compiled.js,4dc25ef00a8354afd704afd899c42a04ffc1050058bfb000fb1a23ab1cc8d309
https://ajax.googleapis.com/ajax/libs/spf/2.4.0/spf.js,19d911381ea1b83833cae6998e46e6499d67c5676895572219ed5ffcb1e9c748
https://ajax.googleapis.com/ajax/libs/spf/2.3.2/spf.js,6e15de25ca539cf316e5161ee0f62e3cee3f26d3219865e286403e8760716c00
https://ajax.googleapis.com/ajax/libs/spf/2.3.1/spf.js,201e5d86c4f1e11efbd23ff7628b68719fd76062db08b3887bcb74050200a2ad
https://ajax.googleapis.com/ajax/libs/spf/2.3.0/spf.js,14b3e060b89dd20361b39aef6951c3c7917b7a19929bd68a1b1c5583f02edb0d
https://ajax.googleapis.com/ajax/libs/spf/2.2.0/spf.js,78a6d16287dd89bb67d41d2f07d909761f3202f8d96c28d5f9027072c8a470c0
https://ajax.googleapis.com/ajax/libs/spf/2.1.2/spf.js,bb019e1a3fb87ccfb4be01589e7bafc821244c52bf9f0b27816adf5b84829fab
https://ajax.googleapis.com/ajax/libs/spf/2.1.1/spf.js,c8ec7fd24deda95f956902cf60fe5578a706aa3648164119195ca54bb1f0e640
https://ajax.googleapis.com/ajax/libs/spf/2.1.0/spf.js,c9303c970274f7217ff4ee67feece2eabc5e8c25689a6d3908255e035ddb381f
https://ajax.googleapis.com/ajax/libs/spf/2.0.1/spf.js,11850e84281a17d8b39c73652f9ae771e87d1ddbbae87da580431e231bf28c81
https://ajax.googleapis.com/ajax/libs/spf/2.0.0/spf.js,869ca90cfa6550715e8144f0978c50975d9d335b78c6c5d454477e972accef88
https://ajax.googleapis.com/ajax/libs/swfobject/2.2/swfobject.js,8677971b119ccdb82af697ff0e08f218490d15116f221d44301f1cc8797e67d4
https://ajax.googleapis.com/ajax/libs/swfobject/2.1/swfobject.js,cafd612ebd6bc497a7a05d3dfef133a0b793f1e04e277b31c424d6d8892a1d48
https://ajax.googleapis.com/ajax/libs/webfont/1.6.26/webfont.js,81016ac6be850b72df5d4faa0c3cec8e2c1b0ba0045712144a6766adfad40bee
https://ajax.googleapis.com/ajax/libs/webfont/1.6.16/webfont.js,a28396880470a28e0525bdc0ea326ffb811de7de13662d02f7530dbbe3f12d90
https://ajax.googleapis.com/ajax/libs/webfont/1.5.18/webfont.js,ce261eb163fcaee6953cedc35059732a133766ab824dc512bbdf9424d48601e4
https://ajax.googleapis.com/ajax/libs/webfont/1.5.10/webfont.js,a240734f03c3c7a0927877faafffb214e1e8093c564e672fd264ee4f390e0601
https://ajax.googleapis.com/ajax/libs/webfont/1.5.6/webfont.js,77de557338a539f428b001f8f40d7a18f60a2f074173b25eab058de71874e49e
https://ajax.googleapis.com/ajax/libs/webfont/1.5.3/webfont.js,36ef095d011c4ced97b0acef551ca36d76b95299518595dc1acab792a2344601
https://ajax.googleapis.com/ajax/libs/webfont/1.5.2/webfont.js,df6f423f678c65d577220f5c5d74326df55b5e11bcb74b63b6d59f9ecb9577eb
https://ajax.googleapis.com/ajax/libs/webfont/1.5.0/webfont.js,0194cb6bae22aff8fa4a67a2f2985058cd55d11960a9485e8e32b11cf7216d3d
