sha256,url
000854d782781aff1b16ea5451c1da3d07efadd35ab911ccb7e4b851571a25bd,https://cdnjs.cloudflare.com/ajax/libs/jqueryui-touch-punch/0.2.3/jquery.ui.touch-punch.min.js
001acbb15d9c69510c0817e6dde361bff098406fad182ab3c367f86ff3da8343,https://cdnjs.cloudflare.com/ajax/libs/gsap/latest/TweenMax.min.js
0404741f742ed8f09fa15afa0ad66b7276cadd529e9e6505f42e88aa0b0db0d5,https://cdnjs.cloudflare.com/ajax/libs/font-awesome/6.7.2/js/all.min.js
04142857a43c3bf04f03b182ac95d7a519e9c85ec50f44247edd23f951232d98,https://cdnjs.cloudflare.com/ajax/libs/angular.js/1.2.22/angular.min.js
05b85d96f41fff14d8f608dad03ab71e2c1017c2da0914d7c59291bad7a54f8e,https://cdnjs.cloudflare.com/ajax/libs/jquery/2.2.4/jquery.min.js
07275140ea3f47293d4f8a51d785a766eb1c94e4ae087f7c60c5bd611328ac86,https://cdnjs.cloudflare.com/ajax/libs/angular.js/1.2.22/angular-animate.min.js
0925e8ad7bd971391a8b1e98be8e87a6971919eb5b60c196485941c3c1df089a,https://cdnjs.cloudflare.com/ajax/libs/jquery/3.4.1/jquery.min.js
0934b1fc0d3a766d41d3adf5e7a115875e66e98ebba408d965a41cf3d2cb4ab5,https://cdnjs.cloudflare.com/ajax/libs/font-awesome/6.4.2/css/all.min.css
0c7178cc6ca34fb18e30f070a5e7a1c287b2d7ccfcba2cfdf06e0f46eda55740,https://cdnjs.cloudflare.com/ajax/libs/slick-carousel/1.8.1/slick.min.js
0df5a33710e433de1f5415b1d47e4130ca7466aee5b81955f1045c4844bbb3ed,https://cdnjs.cloudflare.com/ajax/libs/font-awesome/6.1.1/css/all.min.css
106fcd8d723eda7d92a26893a439ccef998e5fc68ad228253607143d801e8cd8,https://cdnjs.cloudflare.com/ajax/libs/jquery-migrate/3.3.2/jquery-migrate.min.js
140def0dffd9f9490c7848028a338005efd1e4b8f3de58cf3445e84b42e36770,https://cdnjs.cloudflare.com/ajax/libs/fingerprintjs2/2.1.2/fingerprint2.min.js
160a426ff2894252cd7cebbdd6d6b7da8fcd319c65b70468f10b6690c45d02ef,https://cdnjs.cloudflare.com/ajax/libs/jquery/3.3.1/jquery.min.js
1b765b0cbd95391f6db0b565988eeb70ea68aa77bb9f8f7c8a880d96474c2aa8,https://cdnjs.cloudflare.com/ajax/libs/gsap/3.10.4/gsap.min.js
1edb1725a9ea8ca4dcf2f5508cee183218aa1685e47c1b23056717f754f58ebf,https://cdnjs.cloudflare.com/ajax/libs/font-awesome/6.4.0/css/all.min.css
2051d61446d4dbffb03727031022a08c84528ab44d203a7669c101e5fbdd5515,https://cdnjs.cloudflare.com/ajax/libs/jquery/2.1.3/jquery.min.js
269c614f28c2a9470a6f1c3642a1734986a949f9272a0ce52e1c9d7eb888028f,https://cdnjs.cloudflare.com/ajax/libs/angular-ui/0.4.0/angular-ui-ieshiv.js
28033e449a31ebcc396e5be8b13b63152bf03094288fb5867034321927bce087,https://cdnjs.cloudflare.com/ajax/libs/gsap/3.12.5/gsap.min.js
28ce75d953678c4942df47a11707a15e3c756021cf89090e3e6aa7ad6b6971c3,https://cdnjs.cloudflare.com/ajax/libs/jqueryui/1.12.1/jquery-ui.min.js
2e42e95156a96676901f6d3e83d9eb24e5b92f47dbdcd35a902ce979d2c07149,https://cdnjs.cloudflare.com/ajax/libs/plyr/3.6.8/plyr.css
34200a216f42b734a9723a5367645bb517c31e036b42e2bf6a480c62880fc12c,https://cdnjs.cloudflare.com/ajax/libs/Swiper/4.2.6/js/swiper.min.js
357452f2a55c999ddd3afdcbce2c339d41cf7a01613d9d45ff88a753bb82f21d,https://cdnjs.cloudflare.com/ajax/libs/slick-carousel/1.9.0/slick.min.js
36e0a7e08bee65774168528938072c536437669c1b7458ac77976ec788e4439c,https://cdnjs.cloudflare.com/ajax/libs/font-awesome/4.7.0/css/font-awesome.css
3d9120fa621da6d613c1698b7014ec6bdf4620366e8f2b7b547059f4b6f6272b,https://cdnjs.cloudflare.com/ajax/libs/lazysizes/5.3.2/lazysizes.min.js
3fddc6d28aba3c13d64cfd4847c333ff48c71d4a5a58bd1a0494ca6ae8ac1bb4,https://cdnjs.cloudflare.com/ajax/libs/magnific-popup.js/1.1.0/jquery.magnific-popup.min.js
42e8aa892f98807c2b3f49f7c83002b605e357c9463e8a3fbaeffa805fae5bcc,https://cdnjs.cloudflare.com/ajax/libs/angular.js/1.2.22/angular-sanitize.min.js
47396e76eed0fd53fd44d3c6cca479ccb8a6b4c58ba9d3c8602830accef9c552,https://cdnjs.cloudflare.com/ajax/libs/angular.js/1.6.4/angular-sanitize.min.js
48eb8b500ae6a38617b5738d2b3faec481922a7782246e31d2755c034a45cd5d,https://cdnjs.cloudflare.com/ajax/libs/jquery-migrate/1.4.1/jquery-migrate.min.js
4c4b37e1a1a629c838a519652ddb794ff357eb469ea309904b70831a37541f26,https://cdnjs.cloudflare.com/ajax/libs/snowplow/2.16.3/sp.min.js
50ad448a8a5720bf8a5617db15af31ae60163de06331576f60c6244c012ffc72,https://cdnjs.cloudflare.com/ajax/libs/slick-carousel/1.8.1/slick.min.css
50ad448a8a5720bf8a5617db15af31ae60163de06331576f60c6244c012ffc72,https://cdnjs.cloudflare.com/ajax/libs/slick-carousel/1.9.0/slick.min.css
521410e1fc44780061e09adc980275fb5ea277fd5d9e538454214ec4379ff4bc,https://cdnjs.cloudflare.com/ajax/libs/OwlCarousel2/2.3.4/assets/owl.carousel.min.css
5736e3eec0c34bfc288854b7b8d2a8f1e22e9e2e7dae3c8d1ad5dfb2d4734ad0,https://cdnjs.cloudflare.com/ajax/libs/fancybox/3.5.7/jquery.fancybox.min.css
5a684227c1eef599cf45d875e0f906a73e0fb247aca49c0de70c1a14e7ef818f,https://cdnjs.cloudflare.com/ajax/libs/slick-carousel/1.6.0/slick-theme.min.css
5b3eef58af8f051a73350fb530ccd1826e6a21ea840a60d5a9b81acb6d3823a0,https://cdnjs.cloudflare.com/ajax/libs/moment.js/2.30.1/moment.min.js
5ceaaba22d75b58e04150311f596306562a3e595e27ed4b1dfa451b82dda9e50,https://cdnjs.cloudflare.com/ajax/libs/font-awesome/6.5.2/css/all.min.css
5fbaeb9f8e25d7e0143bae61d4b1802c16ce7390b96ceb2d498b0d96ff4c853f,https://cdnjs.cloudflare.com/ajax/libs/animate.css/4.1.1/animate.min.css
62b1cff44a5e34b9587ad49f7ca951160f1559c5c545bcf99e13574ccaa5425a,https://cdnjs.cloudflare.com/ajax/libs/gsap/1.19.1/TweenMax.min.js
668b046d12db350ccba6728890476b3efee53b2f42dbb84743e5e9f1ae0cc404,https://cdnjs.cloudflare.com/ajax/libs/jquery/1.12.4/jquery.min.js
66f3a07e1fa9b64a686b66381e4458dbc8abf3dbbff954720c4eec07b84411c2,https://cdnjs.cloudflare.com/ajax/libs/popper.js/1.14.7/umd/popper.min.js
6942f0873b6a7108e18a983b4192ad469011a8131317f88161d6f0917058da22,https://cdnjs.cloudflare.com/ajax/libs/Swiper/11.0.5/swiper-bundle.min.js
6c80d94cd6cda7ab21cff602f362bb9dd7ecf647c32c1fa938aa18632ffce9ad,https://cdnjs.cloudflare.com/ajax/libs/gsap/3.9.1/ScrollToPlugin.min.js
6dbe9c2e13cf06c6633ea3fcf6d7bd30452561202a205c75a035cd1d8b93368f,https://cdnjs.cloudflare.com/ajax/libs/gsap/3.9.1/gsap.min.js
7135861f8a8768636a90c4fb777082380c84194319273624e88004ab2b9d98d2,https://cdnjs.cloudflare.com/ajax/libs/angular.js/1.2.22/angular-touch.min.js
7157511697db744d384a5a2a8646af23f3c90560abf93bb240fdd690b29a898a,https://cdnjs.cloudflare.com/ajax/libs/js-sha256/0.9.0/sha256.min.js
73de4254959530e4d1d9bec586379184f96b4953dacf9cd5e5e2bdd7bfeceef7,https://cdnjs.cloudflare.com/ajax/libs/moment.js/2.29.1/moment.min.js
74005d7c17d4a02f2f25404ec0655d9bc2fdaa53166874c87d7b7eec69d9088a,https://cdnjs.cloudflare.com/ajax/libs/font-awesome/6.7.2/css/all.min.css
769a555de553babc35a3338f344dd7aa16260c93cea2c7db290707c90484e7cc,https://cdnjs.cloudflare.com/ajax/libs/crypto-js/4.2.0/crypto-js.min.js
799aeb25cc0373fdee0e1b1db7ad6c2f6a0e058dfadaa3379689f583213190bd,https://cdnjs.cloudflare.com/ajax/libs/font-awesome/4.7.0/css/font-awesome.min.css
87083882cc6015984eb0411a99d3981817f5dc5c90ba24f0940420c5548d82de,https://cdnjs.cloudflare.com/ajax/libs/jquery/3.2.1/jquery.min.js
876d023d9d10c97941b80c3b03e2a5b94631ff7a4af9cee5604a6a2d39718d84,https://cdnjs.cloudflare.com/ajax/libs/font-awesome/5.13.0/css/all.min.css
887b763e53ecaeba7bdddcacb29f7ffaf9da8a3576c2cca7ea4a1ecd14ff731c,https://cdnjs.cloudflare.com/ajax/libs/nosleep/0.12.0/NoSleep.min.js
8c50aa8567731858e81bcfd2027718d9a7c8fd7bf54cf496499adbf5da5741b9,https://cdnjs.cloudflare.com/ajax/libs/angular.js/1.6.4/angular.min.js
8d321d88cb97fdedc3189506c25de9292c6e73a60ebaab496243346c6404480e,https://cdnjs.cloudflare.com/ajax/libs/font-awesome/6.0.0/css/all.min.css
8e3b0117f4df4be452c0b6af5b8f0a0acf9d4ade23d08d55d7e312af22077762,https://cdnjs.cloudflare.com/ajax/libs/crypto-js/4.1.1/crypto-js.min.js
8e73a30d35c83ea6a597c3343324d2b7df097ad26e67b62efb5266ee12d317b5,https://cdnjs.cloudflare.com/ajax/libs/jquery-mousewheel/3.1.13/jquery.mousewheel.min.js
8f24862077717aa659bc9f521e03cd8dbb013fcae88a3eff5a3824a064c92029,https://cdnjs.cloudflare.com/ajax/libs/slick-carousel/1.6.0/slick.min.css
8fe3fa119255adb5e0c12479331f9e092e85bcff56ab6ecc0510bfa2056b898d,https://cdnjs.cloudflare.com/ajax/libs/animate.css/3.5.2/animate.min.css
924b0dc630d1c5dff9fa31aead9509775b1d476bfe0a5ac2977b2f11205a26ac,https://cdnjs.cloudflare.com/ajax/libs/OwlCarousel2/2.3.4/assets/owl.theme.default.min.css
94f137c233766bb0015876c6cfbf8c28125aca4cb3a826d4f7a0495a38a8f3a5,https://cdnjs.cloudflare.com/ajax/libs/gsap/2.1.3/TweenMax.min.js
9685145fc6691742536e349a2953828a84fd729012f34f00cb09b8a26f713b6f,https://cdnjs.cloudflare.com/ajax/libs/angular-ui-utils/0.1.1/angular-ui-utils.min.js
96c01b81f44a3290e2b4532f55e2c9534b2adc43273a19f3756b2cb41f0fd0b6,https://cdnjs.cloudflare.com/ajax/libs/gsap/3.13.0/gsap.min.js
99464ceb71bc9bbdcc72275faefe44f98eb5cbb6b5d8ee665b87b35376f1a96e,https://cdnjs.cloudflare.com/ajax/libs/font-awesome/5.15.4/css/all.min.css
a057719fb761701fb344c47a55dc4fa508eb2042f25bc00cafd14ee8bfb6153e,https://cdnjs.cloudflare.com/ajax/libs/lodash.js/4.17.11/lodash.core.min.js
a1b6400a21ddee090e93d8882ffa629963132785bfa41b0abbea199d278121e9,https://cdnjs.cloudflare.com/ajax/libs/underscore.js/1.8.3/underscore-min.js
a361e7885c36bacb3fd9cb068da207c3b9329962cac022d06e28923939f575e8,https://cdnjs.cloudflare.com/ajax/libs/font-awesome/6.0.0-beta3/css/all.min.css
a3cf00c109d907e543bc4f6dbc85eb31068f94515251347e9e57509b52ee3d74,https://cdnjs.cloudflare.com/ajax/libs/jquery/3.6.1/jquery.min.js
a52f7aa54d7bcaafa056ee0a050262dfc5694ae28dee8b4cac3429af37ff0d66,https://cdnjs.cloudflare.com/ajax/libs/popper.js/1.12.9/umd/popper.min.js
a53c43f834b32309b084ea9314df8307e9c78cee2202c6e07f216ae4ae5b704d,https://cdnjs.cloudflare.com/ajax/libs/OwlCarousel2/2.3.4/owl.carousel.min.js
ad79ce7e34d1a788809bb853031133de2ae45f3c19ac4955dae46c7490188c2e,https://cdnjs.cloudflare.com/ajax/libs/jquery.lazyload/1.9.1/jquery.lazyload.min.js
b36764faf17f2803c4ef3a5ea18b0187dc9ae66b13ec253c71ddb3178d2ccf52,https://cdnjs.cloudflare.com/ajax/libs/gsap/3.11.4/gsap.min.js
b460d56dd27b62df333537db25d28e7e5ace33535bf4c7d7d767bdbc687a8dd9,https://cdnjs.cloudflare.com/ajax/libs/angular.js/1.2.22/angular-cookies.min.js
b60a8b19b5544cc9617fbfe64105d8efa16dac4bde0fb164a1fdaa0b0f4916da,https://cdnjs.cloudflare.com/ajax/libs/gsap/3.13.0/CSSRulePlugin.min.js
c1e9510079704b81b083e51700f25a88ddd444272ae498f3b5cd06deb164bfd1,https://cdnjs.cloudflare.com/ajax/libs/angular-ui-router/0.2.10/angular-ui-router.min.js
c22cfb6520a7fdbb738632834019acf47c78b1279462c0eb4cb83bae83ecb5a7,https://cdnjs.cloudflare.com/ajax/libs/font-awesome/6.5.1/css/all.min.css
c4db144321efbe62d33923077d356ee2fdc097848ebba3f1e1396027122b2d48,https://cdnjs.cloudflare.com/ajax/libs/bodymovin/5.7.6/lottie.min.js
c4e20f53f5ef0ed44b783437aa3f4638a9a56cc4aa29ae83ed9212eb2807052a,https://cdnjs.cloudflare.com/ajax/libs/postscribe/2.0.8/postscribe.min.js
c541ef06327885a8415bca8df6071e14189b4855336def4f36db54bde8484f36,https://cdnjs.cloudflare.com/ajax/libs/qrcodejs/1.0.0/qrcode.min.js
c880eb3d25c765d399840aa204fec22b3230310991089f14781f09a35ed80b8a,https://cdnjs.cloudflare.com/ajax/libs/font-awesome/6.5.0/css/all.min.css
ca134175d327353ab965a20ec15a8b3d1eafebab97bd509a2fdad7b73b23838d,https://cdnjs.cloudflare.com/ajax/libs/lottie-web/5.12.1/lottie.min.js
cadda460ccb4c3c01bb45f3d5976f63f5adf8dc3ff1d31cb4fbd3ded4f18e5bf,https://cdnjs.cloudflare.com/ajax/libs/fancybox/3.5.7/jquery.fancybox.min.js
d259dc4b99fe853191f5ff0117e279493e334fb2abe4b19d910698f3a7c8d00d,https://cdnjs.cloudflare.com/ajax/libs/hls.js/1.4.3/hls.min.js
d2b400c65cddf356b9056899cc2e34c1df2964e5437eed73e184634679cbbe77,https://cdnjs.cloudflare.com/ajax/libs/angular-dynamic-locale/0.1.27/tmhDynamicLocale.min.js
d2b82e612d2a812e8be2a57300dab8923c4f2edbe7a799e7da70791b595646fe,https://cdnjs.cloudflare.com/ajax/libs/modernizr/2.8.3/modernizr.min.js
d40efcac911d8964f3728eaa767de281306ff55ba9377435a3364d4d1e1613f6,https://cdnjs.cloudflare.com/ajax/libs/jquery-cookie/1.4.1/jquery.cookie.min.js
d87ddf917b7a1449ab45e2b8e3c98354629bdd65b6659c37e6023bbea1ce1386,https://cdnjs.cloudflare.com/ajax/libs/font-awesome/5.15.3/css/all.min.css
dce03f3336254bd93ae523da00dc35de7a9851eb33fb6fbe20d94d4d32612a2a,https://cdnjs.cloudflare.com/ajax/libs/gsap/3.6.1/gsap.min.js
e0ee294b5487df566aad23b603fd902535634cfa957be8e7620396515afb1047,https://cdnjs.cloudflare.com/ajax/libs/webfont/1.6.28/webfontloader.js
e21aa5b0d3fd28cebed9e03c5544f4924e11b0c453792ed018720cf8c679b0b6,https://cdnjs.cloudflare.com/ajax/libs/slick-carousel/1.8.1/slick-theme.min.css
e31a8e9d716856c1703f058a6927da922323e7ac533115e192326e2f3aca3a2a,https://cdnjs.cloudflare.com/ajax/libs/jsencrypt/3.0.0-rc.1/jsencrypt.min.js
e5118140a15e5dbb471f19c06816bcfa44170878bd8fe0ade80c24b7a988d8ba,https://cdnjs.cloudflare.com/ajax/libs/gsap/3.11.5/gsap.min.js
e5e202e3c899507992952533f57b634722b69b34241d271963559d31aa33ef81,https://cdnjs.cloudflare.com/ajax/libs/font-awesome/6.6.0/css/all.min.css
e87e550794322e574a1fda0c1549a3c70dae5a93d9113417a429016838eab8cb,https://cdnjs.cloudflare.com/ajax/libs/html2canvas/1.4.1/html2canvas.min.js
eab5d90a71736f267af39fdf32caa8c71673fd06703279b01e0f92b0d7be0bfc,https://cdnjs.cloudflare.com/ajax/libs/crypto-js/4.0.0/crypto-js.min.js
ede2693a4a6a5126b9d35669062b358ecab6ae7b9b86a1cf302feb45a8514907,https://cdnjs.cloudflare.com/ajax/libs/pako/2.1.0/pako.min.js
ef19d3570dea1c5a973fb7f6fc98c525cd8ce6d01db1937f8459975979648bdc,https://cdnjs.cloudflare.com/ajax/libs/video.js/7.11.7/alt/video-js-cdn.min.css
efc85c7eb141819717cda0033484a84b1c890d13b02e355a2fec79d424b20e7a,https://cdnjs.cloudflare.com/ajax/libs/gsap/3.12.2/gsap.min.js
f034c3fb782f8ef29764a041013abbcc04b69c9ca8467706f413c2ba541d7120,https://cdnjs.cloudflare.com/ajax/libs/plyr/3.6.8/plyr.min.js
f7c439ef85646d5f8f9315c229280bea356af66ad56d2eee09d03ebedd2c2d2f,https://cdnjs.cloudflare.com/ajax/libs/animejs/3.1.0/anime.min.js
f7cbc01a310318defd4e31e4616543e2cf3baef5a47562c73ece4c0b716f157e,https://cdnjs.cloudflare.com/ajax/libs/popper.js/1.14.3/umd/popper.min.js
f7f6a5894f1d19ddad6fa392b2ece2c5e578cbf7da4ea805b6885eb6985b6e3d,https://cdnjs.cloudflare.com/ajax/libs/jquery/3.5.1/jquery.min.js
fc7e184beeda61bf6427938a84560f52348976bb55e807b224eb53930e97ef6a,https://cdnjs.cloudflare.com/ajax/libs/crypto-js/3.1.2/rollups/aes.js
fc9a93dd241f6b045cbff0481cf4e1901becd0e12fb45166a8f17f95823f0b1a,https://cdnjs.cloudflare.com/ajax/libs/jquery/3.7.1/jquery.min.js
fd1b40a1808fb4901bb33f0905305af2e435442ada7afc74f81b0a96f0242f03,https://cdnjs.cloudflare.com/ajax/libs/compressorjs/1.2.1/compressor.min.js
ff1523fb7389539c84c65aba19260648793bb4f5e29329d2ee8804bc37a3fe6e,https://cdnjs.cloudflare.com/ajax/libs/jquery/3.6.0/jquery.min.js
